Producto,Imagenes,Precio,ISBN
Videojuego SingStar Operación Triunfo PS2 con Manual,"IMG_3952.HEIC, IMG_3953.HEIC",9€,
Videojuego SingStar La Edad de Oro del Pop Español PS2 con Manual,"IMG_3955.HEIC, IMG_3956.HEIC",9€,
Videojuego Pro Evolution Soccer 5 PS2 con Manual,IMG_3958.HEIC,2€,
Videojuego EyeToy Play 3 PS2 con Manual,"IMG_3959.HEIC, IMG_3960.HEIC",7€,
Videojuego Brothers in Arms Earned in Blood Xbox (Disco Road to Hill 30),"IMG_3961.HEIC, IMG_3962.HEIC, IMG_3963.HEIC",5€,
Cartucho Shinobi Sega Game Gear con Funda Protectora,IMG_3964.HEIC,19€,
Cartucho Ultimate Spider-Man Game Boy Advance GBA USA,IMG_3965.HEIC,10€,
Cartucho Superman Returns Fortress of Solitude GBA,IMG_3966.HEIC,7€,
Cable Game Link Oficial Nintendo Game Boy original DMG-04,"IMG_3970.HEIC, IMG_3971.HEIC, IMG_3972.HEIC",15€,
Mando Eclipse Pad para Sega Saturn PC PS1 con Cable,IMG_3973.HEIC,20€,
Lara Croft and the Temple of Osiris Gold Edition PS4 Edición Coleccionista (Sin Figura),"IMG_3974.HEIC, IMG_3975.HEIC, IMG_3976.HEIC",15€,
Libro MF0487_3 Auditoría de Seguridad Informática - ic editorial,IMG_4012.HEIC,10€,9788411035286
Libro MF0490_3 Gestión de Servicios en el Sistema Informático,IMG_4013.HEIC,10€,9788411036511
Libro Operaciones Auxiliares Montaje y Mantenimiento Microinformático,IMG_4014.HEIC,6€,9788497582681
Lote 2 Libros MF0486_3 Seguridad en Equipos Informáticos (Euroinnova + Unitel),"IMG_4015.HEIC, IMG_4019.HEIC",12€,9788411848428
Libro Lenguajes de Marcas y Sistemas de Gestión de Información,IMG_4016.HEIC,12€,9788413574813
Libro MF0488_3 Gestión de Incidentes de Seguridad Informática,IMG_4017.HEIC,10€,9788411847988
Libro MF0489_3 Sistemas Seguros de Acceso y Transmisión de Datos,IMG_4018.HEIC,10€,9788416109876
