Producto,Imagenes
Mando Playstation PS2 McFun Plateado,Mando_Playstation_PS2_McFun_Plateado_1.jpg,9€
Accesorio Nintendo Receptor Wavebird Gamecube,"Accesorio_Nintendo_Receptor_Wavebird_Gamecube_2.jpg, Accesorio_Nintendo_Receptor_Wavebird_Gamecube_3.jpg",99€
Colin McRae Rally 2005 Plus PSP,Colin_McRae_Rally_2005_Plus_PSP.jpg,9€
FIFA 07 PSP,FIFA_07_PSP.jpg,4€
Figura Beetleborgs Chromium Gold Flip Head Bandai,"Figura_Beetleborgs_Chromium_Gold_Flip_Head_Bandai_1.jpg, Figura_Beetleborgs_Chromium_Gold_Flip_Head_Bandai_2.jpg, Figura_Beetleborgs_Chromium_Gold_Flip_Head_Bandai_3.jpg",19€
Figura Hasbro Transformers Autobot Coche Azul,"Figura_Hasbro_Transformers_Autobot_Coche_Azul_1.jpg, Figura_Hasbro_Transformers_Autobot_Coche_Azul_2.jpg",5€
Figura He-Man MOTU 200X Mattel,Figura_He-Man_MOTU_200X_Mattel_1.jpg,20€
Figura He-Man MOTU Sy-Klone 1984 Cabeza Blanda Mattel,"Figura_He-Man_MOTU_Sy-Klone_1984_Mattel_1.jpg, Figura_He-Man_MOTU_Sy-Klone_1984_Mattel_2.jpg",19€
Figura Leon Verde Goma Elastico,Figura_Leon_Verde_Goma_Elastico_1.jpg,3€
Figura Marvel Legends X-23 Laura Kinney,Figura_Marvel_Legends_X-23_Laura_Kinney_1.jpg,10€
Figura Marvel ToyBiz X-Force Shatterstar,Figura_Marvel_ToyBiz_X-Force_Shatterstar_1.jpg,8€
Figura Mattel Stridor MOTU 1984,Figura_Mattel_Stridor_MOTU_1984.jpg,15€
Figura Naruto Uzumaki Banpresto Peana,Figura_Naruto_Uzumaki_Banpresto_Peana_1.jpg,8€
Figura MARS Cybotronix Motorized Attack Robo Squad Hap-P-Kid,Figura_MARS_Cybotronix_Motorized_Attack_Robo_Squad_1.jpg,19€
Figura Red Beast Man MOTU Classics Power Con,Figura_Red_Beast_Man_MOTU_Classics_Power_Con_1.jpg,25€
Figura Transformers Bumblebee,"Figura_Transformers_Bumblebee_Modo_Vehiculo_1.jpg, Figura_Transformers_Bumblebee_Modo_Robot_Transformacion_2.jpg",5€
Figura Transformers Optimus Prime,"Figura_Transformers_Optimus_Prime_Modo_Camion_1.jpg, Figura_Transformers_Optimus_Prime_Modo_Robot_Transformacion_2.jpg",3€
Final Fantasy X PS2 Jap,Final_Fantasy_X_PS2_Jap.jpg,9€
Puyo Puyo Tsu Ketteiban PS1 Jap,Puyo_Puyo_Tsu_Ketteiban_PS1_Jap.jpg,10€
Revistas PlayMania TrueCrime SplinterCell Gun,Revistas_PlayMania_TrueCrime_SplinterCell_Gun.jpg,5€
Vehiculo Hasbro GI Joe Skystorm X-wing Helicopter Jet Incomplete 1988,"Vehiculo_Hasbro_GI_Joe_Skystorm_X-wing_Helicopter_Jet_1988_1.jpg, Vehiculo_Hasbro_GI_Joe_Skystorm_X-wing_Helicopter_Jet_1988_2.jpg",9€
Videojuego Nintendo Monster Trucks GBA Majesco Completo,"Videojuego_Nintendo_Monster_Trucks_GBA_Majesco_1.jpg, Videojuego_Nintendo_Monster_Trucks_GBA_Majesco_2.jpg, Videojuego_Nintendo_Monster_Trucks_GBA_Majesco_3.jpg",25€
Videojuego Nintendo SD Gundam X Super Famicom 1992,Videojuego_Nintendo_SD_Gundam_X_Super_Famicom_1992.jpg,9€
Videojuego Sega Virtua Racing SVP Megadrive 1994,Videojuego_Sega_Virtua_Racing_SVP_Megadrive_1994.jpg,15€
Videojuego Sony Dance Dance Revolution 3rdMIX PS1 Konami,"Videojuego_Sony_Dance_Dance_Revolution_3rdMIX_PS1_Konami_1.jpg, Videojuego_Sony_Dance_Dance_Revolution_3rdMIX_PS1_Konami_2.jpg",10€
Videojuego Sony Jikkyou Powerful Pro Yakyuu 99 PS1 Konami,"Videojuego_Sony_Jikkyou_Powerful_Pro_Yakyuu_99_PS1_Konami_1.jpg, Videojuego_Sony_Jikkyou_Powerful_Pro_Yakyuu_99_PS1_Konami_2.jpg",5€
Videojuego Sony Ni No Kuni PS3 Level 5,"Videojuego_Sony_Ni_No_Kuni_PS3_Level_5_1.jpg, Videojuego_Sony_Ni_No_Kuni_PS3_Level_5_2.jpg, Videojuego_Sony_Ni_No_Kuni_PS3_Level_5_3.jpg",10€
Videojuego Sony One Piece Tobidase Kaizokudan PS1 Bandai,Videojuego_Sony_One_Piece_Tobidase_Kaizokudan_PS1_Bandai_1.jpg,10€
